Product ID;Attribute (Name:Type:Position)*;Value (Value:Position)*
1;Język napisów:select:0;Arabic:0
1;Język napisów:select:0;French:0
1;Język napisów:select:0;Portuguese (Portugal):0
1;Język napisów:select:0;Italian:0
1;Język napisów:select:0;Vietnamese:0
1;Język napisów:select:0;German:0
1;Język napisów:select:0;Russian:0
1;Język napisów:select:0;Spanish:0
2;Język napisów:select:0;Arabic:0
2;Język napisów:select:0;French:0
2;Język napisów:select:0;Portuguese (Portugal):0
2;Język napisów:select:0;Chinese (China):0
2;Język napisów:select:0;Italian:0
2;Język napisów:select:0;Vietnamese:0
2;Język napisów:select:0;Korean:0
2;Język napisów:select:0;German:0
2;Język napisów:select:0;Russian:0
2;Język napisów:select:0;Turkish:0
2;Język napisów:select:0;Spanish:0
3;Język napisów:select:0;Arabic:0
4;Język napisów:select:0;Arabic:0
4;Język napisów:select:0;French:0
4;Język napisów:select:0;Portuguese (Portugal):0
4;Język napisów:select:0;Italian:0
4;Język napisów:select:0;Portuguese (Brazil):0
4;Język napisów:select:0;Vietnamese:0
4;Język napisów:select:0;Korean:0
4;Język napisów:select:0;German:0
4;Język napisów:select:0;Russian:0
4;Język napisów:select:0;Spanish:0
5;Język napisów:select:0;Brak:0
6;Język napisów:select:0;Arabic:0
6;Język napisów:select:0;French:0
6;Język napisów:select:0;Portuguese (Portugal):0
6;Język napisów:select:0;Italian:0
6;Język napisów:select:0;Vietnamese:0
6;Język napisów:select:0;German:0
6;Język napisów:select:0;Russian:0
6;Język napisów:select:0;Spanish:0
6;Język napisów:select:0;Japanese:0
7;Język napisów:select:0;Arabic:0
7;Język napisów:select:0;French:0
7;Język napisów:select:0;Portuguese (Portugal):0
7;Język napisów:select:0;Italian:0
7;Język napisów:select:0;Vietnamese:0
7;Język napisów:select:0;German:0
7;Język napisów:select:0;Russian:0
7;Język napisów:select:0;Spanish:0
8;Język napisów:select:0;Brak:0
9;Język napisów:select:0;Brak:0
10;Język napisów:select:0;Arabic:0
10;Język napisów:select:0;French:0
10;Język napisów:select:0;Portuguese (Portugal):0
10;Język napisów:select:0;Italian:0
10;Język napisów:select:0;Vietnamese:0
10;Język napisów:select:0;German:0
10;Język napisów:select:0;Russian:0
10;Język napisów:select:0;Spanish:0
11;Język napisów:select:0;Arabic:0
11;Język napisów:select:0;French:0
11;Język napisów:select:0;Portuguese (Portugal):0
11;Język napisów:select:0;Chinese (China):0
11;Język napisów:select:0;Italian:0
11;Język napisów:select:0;Vietnamese:0
11;Język napisów:select:0;Korean:0
11;Język napisów:select:0;German:0
11;Język napisów:select:0;Russian:0
11;Język napisów:select:0;Spanish:0
12;Język napisów:select:0;Brak:0
13;Język napisów:select:0;Arabic:0
13;Język napisów:select:0;French:0
13;Język napisów:select:0;Portuguese (Portugal):0
13;Język napisów:select:0;Italian:0
13;Język napisów:select:0;Portuguese (Brazil):0
13;Język napisów:select:0;Vietnamese:0
13;Język napisów:select:0;German:0
13;Język napisów:select:0;Russian:0
13;Język napisów:select:0;Spanish:0
14;Język napisów:select:0;Arabic:0
14;Język napisów:select:0;French:0
14;Język napisów:select:0;Portuguese (Portugal):0
14;Język napisów:select:0;Italian:0
14;Język napisów:select:0;Vietnamese:0
14;Język napisów:select:0;German:0
14;Język napisów:select:0;Russian:0
14;Język napisów:select:0;Spanish:0
14;Język napisów:select:0;Kazakh:0
14;Język napisów:select:0;Persian:0
15;Język napisów:select:0;Arabic:0
15;Język napisów:select:0;French:0
15;Język napisów:select:0;Portuguese (Portugal):0
15;Język napisów:select:0;Italian:0
15;Język napisów:select:0;Vietnamese:0
15;Język napisów:select:0;German:0
15;Język napisów:select:0;Russian:0
15;Język napisów:select:0;Spanish:0
16;Język napisów:select:0;Brak:0
17;Język napisów:select:0;Arabic:0
17;Język napisów:select:0;French:0
17;Język napisów:select:0;Portuguese (Portugal):0
17;Język napisów:select:0;Italian:0
17;Język napisów:select:0;Vietnamese:0
17;Język napisów:select:0;German:0
17;Język napisów:select:0;Russian:0
17;Język napisów:select:0;Spanish:0
18;Język napisów:select:0;Arabic:0
18;Język napisów:select:0;French:0
18;Język napisów:select:0;Portuguese (Portugal):0
18;Język napisów:select:0;Chinese (China):0
18;Język napisów:select:0;Italian:0
18;Język napisów:select:0;Vietnamese:0
18;Język napisów:select:0;Korean:0
18;Język napisów:select:0;German:0
18;Język napisów:select:0;Russian:0
18;Język napisów:select:0;Spanish:0
19;Język napisów:select:0;Arabic:0
19;Język napisów:select:0;Persian:0
20;Język napisów:select:0;Brak:0
21;Język napisów:select:0;Arabic:0
21;Język napisów:select:0;French:0
21;Język napisów:select:0;Portuguese (Portugal):0
21;Język napisów:select:0;Italian:0
21;Język napisów:select:0;Vietnamese:0
21;Język napisów:select:0;German:0
21;Język napisów:select:0;Russian:0
21;Język napisów:select:0;Turkish:0
21;Język napisów:select:0;Spanish:0
21;Język napisów:select:0;Persian:0
22;Język napisów:select:0;Arabic:0
22;Język napisów:select:0;French:0
22;Język napisów:select:0;Portuguese (Portugal):0
22;Język napisów:select:0;Italian:0
22;Język napisów:select:0;Vietnamese:0
22;Język napisów:select:0;German:0
22;Język napisów:select:0;Russian:0
22;Język napisów:select:0;Spanish:0
23;Język napisów:select:0;Arabic:0
23;Język napisów:select:0;French:0
23;Język napisów:select:0;Portuguese (Portugal):0
23;Język napisów:select:0;Italian:0
23;Język napisów:select:0;Vietnamese:0
23;Język napisów:select:0;Korean:0
23;Język napisów:select:0;German:0
23;Język napisów:select:0;Russian:0
23;Język napisów:select:0;Spanish:0
24;Język napisów:select:0;Arabic:0
24;Język napisów:select:0;French:0
24;Język napisów:select:0;Portuguese (Portugal):0
24;Język napisów:select:0;Italian:0
24;Język napisów:select:0;Vietnamese:0
24;Język napisów:select:0;German:0
24;Język napisów:select:0;Russian:0
24;Język napisów:select:0;Spanish:0
24;Język napisów:select:0;Persian:0
25;Język napisów:select:0;Brak:0
26;Język napisów:select:0;Vietnamese:0
26;Język napisów:select:0;German:0
26;Język napisów:select:0;Russian:0
26;Język napisów:select:0;Spanish:0
26;Język napisów:select:0;Arabic:0
26;Język napisów:select:0;French:0
26;Język napisów:select:0;Portuguese (Portugal):0
26;Język napisów:select:0;Italian:0
27;Język napisów:select:0;Brak:0
28;Język napisów:select:0;Arabic:0
28;Język napisów:select:0;French:0
28;Język napisów:select:0;Portuguese (Portugal):0
28;Język napisów:select:0;Italian:0
28;Język napisów:select:0;Vietnamese:0
28;Język napisów:select:0;Korean:0
28;Język napisów:select:0;German:0
28;Język napisów:select:0;Russian:0
28;Język napisów:select:0;Spanish:0
29;Język napisów:select:0;Arabic:0
29;Język napisów:select:0;French:0
29;Język napisów:select:0;Portuguese (Portugal):0
29;Język napisów:select:0;Italian:0
29;Język napisów:select:0;Vietnamese:0
29;Język napisów:select:0;Korean:0
29;Język napisów:select:0;German:0
29;Język napisów:select:0;Russian:0
29;Język napisów:select:0;Spanish:0
30;Język napisów:select:0;Arabic:0
30;Język napisów:select:0;French:0
30;Język napisów:select:0;Portuguese (Portugal):0
30;Język napisów:select:0;Italian:0
30;Język napisów:select:0;Vietnamese:0
30;Język napisów:select:0;German:0
30;Język napisów:select:0;Russian:0
30;Język napisów:select:0;Spanish:0
31;Język napisów:select:0;Brak:0
32;Język napisów:select:0;Arabic:0
32;Język napisów:select:0;French:0
32;Język napisów:select:0;Portuguese (Portugal):0
32;Język napisów:select:0;Italian:0
32;Język napisów:select:0;Vietnamese:0
32;Język napisów:select:0;German:0
32;Język napisów:select:0;Russian:0
32;Język napisów:select:0;Spanish:0
33;Język napisów:select:0;Arabic:0
33;Język napisów:select:0;French:0
33;Język napisów:select:0;Portuguese (Portugal):0
33;Język napisów:select:0;Italian:0
33;Język napisów:select:0;Vietnamese:0
33;Język napisów:select:0;Korean:0
33;Język napisów:select:0;German:0
33;Język napisów:select:0;Russian:0
33;Język napisów:select:0;Spanish:0
34;Język napisów:select:0;Arabic:0
34;Język napisów:select:0;French:0
34;Język napisów:select:0;Portuguese (Portugal):0
34;Język napisów:select:0;Chinese (China):0
34;Język napisów:select:0;Italian:0
34;Język napisów:select:0;Vietnamese:0
34;Język napisów:select:0;German:0
34;Język napisów:select:0;Russian:0
34;Język napisów:select:0;Spanish:0
35;Język napisów:select:0;Brak:0
36;Język napisów:select:0;Brak:0
37;Język napisów:select:0;Arabic:0
37;Język napisów:select:0;French:0
37;Język napisów:select:0;Portuguese (Portugal):0
37;Język napisów:select:0;Italian:0
37;Język napisów:select:0;Vietnamese:0
37;Język napisów:select:0;Korean:0
37;Język napisów:select:0;German:0
37;Język napisów:select:0;Russian:0
37;Język napisów:select:0;Spanish:0
38;Język napisów:select:0;Arabic:0
38;Język napisów:select:0;French:0
38;Język napisów:select:0;Portuguese (Portugal):0
38;Język napisów:select:0;Italian:0
38;Język napisów:select:0;Vietnamese:0
38;Język napisów:select:0;Korean:0
38;Język napisów:select:0;German:0
38;Język napisów:select:0;Russian:0
38;Język napisów:select:0;Spanish:0
39;Język napisów:select:0;Arabic:0
39;Język napisów:select:0;French:0
39;Język napisów:select:0;Portuguese (Portugal):0
39;Język napisów:select:0;Italian:0
39;Język napisów:select:0;Vietnamese:0
39;Język napisów:select:0;Korean:0
39;Język napisów:select:0;German:0
39;Język napisów:select:0;Russian:0
39;Język napisów:select:0;Spanish:0
40;Język napisów:select:0;French:0
40;Język napisów:select:0;Portuguese (Portugal):0
40;Język napisów:select:0;Russian:0
40;Język napisów:select:0;Spanish:0
41;Język napisów:select:0;Arabic:0
41;Język napisów:select:0;French:0
41;Język napisów:select:0;Portuguese (Portugal):0
41;Język napisów:select:0;Chinese (China):0
41;Język napisów:select:0;Italian:0
41;Język napisów:select:0;Vietnamese:0
41;Język napisów:select:0;Korean:0
41;Język napisów:select:0;German:0
41;Język napisów:select:0;Russian:0
41;Język napisów:select:0;Turkish:0
41;Język napisów:select:0;Spanish:0
42;Język napisów:select:0;Brak:0
43;Język napisów:select:0;Spanish:0
43;Język napisów:select:0;Arabic:0
43;Język napisów:select:0;French:0
43;Język napisów:select:0;Portuguese (Portugal):0
43;Język napisów:select:0;Italian:0
43;Język napisów:select:0;Vietnamese:0
43;Język napisów:select:0;Korean:0
43;Język napisów:select:0;German:0
43;Język napisów:select:0;Russian:0
44;Język napisów:select:0;Arabic:0
44;Język napisów:select:0;French:0
44;Język napisów:select:0;Portuguese (Portugal):0
44;Język napisów:select:0;Italian:0
44;Język napisów:select:0;Vietnamese:0
44;Język napisów:select:0;German:0
44;Język napisów:select:0;Russian:0
44;Język napisów:select:0;Spanish:0
45;Język napisów:select:0;Arabic:0
45;Język napisów:select:0;French:0
45;Język napisów:select:0;Uzbek:0
45;Język napisów:select:0;Portuguese (Portugal):0
45;Język napisów:select:0;Italian:0
45;Język napisów:select:0;Vietnamese:0
45;Język napisów:select:0;German:0
45;Język napisów:select:0;Russian:0
45;Język napisów:select:0;Swedish:0
45;Język napisów:select:0;Burmese:0
45;Język napisów:select:0;Spanish:0
45;Język napisów:select:0;Telugu:0
46;Język napisów:select:0;Arabic:0
46;Język napisów:select:0;French:0
46;Język napisów:select:0;Portuguese (Portugal):0
46;Język napisów:select:0;Chinese (China):0
46;Język napisów:select:0;Italian:0
46;Język napisów:select:0;Portuguese (Brazil):0
46;Język napisów:select:0;Vietnamese:0
46;Język napisów:select:0;Korean:0
46;Język napisów:select:0;German:0
46;Język napisów:select:0;Russian:0
46;Język napisów:select:0;Spanish:0
47;Język napisów:select:0;Brak:0
48;Język napisów:select:0;Arabic:0
48;Język napisów:select:0;French:0
48;Język napisów:select:0;Portuguese (Portugal):0
48;Język napisów:select:0;Italian:0
48;Język napisów:select:0;Vietnamese:0
48;Język napisów:select:0;German:0
48;Język napisów:select:0;Russian:0
48;Język napisów:select:0;Spanish:0
49;Język napisów:select:0;Brak:0
50;Język napisów:select:0;Brak:0
51;Język napisów:select:0;Arabic:0
51;Język napisów:select:0;French:0
51;Język napisów:select:0;Portuguese (Portugal):0
51;Język napisów:select:0;Italian:0
51;Język napisów:select:0;Vietnamese:0
51;Język napisów:select:0;German:0
51;Język napisów:select:0;Russian:0
51;Język napisów:select:0;Spanish:0
52;Język napisów:select:0;Brak:0
53;Język napisów:select:0;Brak:0
54;Język napisów:select:0;Arabic:0
54;Język napisów:select:0;French:0
54;Język napisów:select:0;Portuguese (Portugal):0
54;Język napisów:select:0;Italian:0
54;Język napisów:select:0;Vietnamese:0
54;Język napisów:select:0;German:0
54;Język napisów:select:0;Russian:0
54;Język napisów:select:0;Spanish:0
55;Język napisów:select:0;Arabic:0
55;Język napisów:select:0;Vietnamese:0
55;Język napisów:select:0;Korean:0
55;Język napisów:select:0;Turkish:0
55;Język napisów:select:0;English:0
55;Język napisów:select:0;Persian:0
56;Język napisów:select:0;Arabic:0
56;Język napisów:select:0;French:0
56;Język napisów:select:0;Portuguese (Portugal):0
56;Język napisów:select:0;Italian:0
56;Język napisów:select:0;Vietnamese:0
56;Język napisów:select:0;German:0
56;Język napisów:select:0;Russian:0
56;Język napisów:select:0;Spanish:0
57;Język napisów:select:0;Arabic:0
57;Język napisów:select:0;French:0
57;Język napisów:select:0;Portuguese (Portugal):0
57;Język napisów:select:0;Italian:0
57;Język napisów:select:0;Vietnamese:0
57;Język napisów:select:0;German:0
57;Język napisów:select:0;Russian:0
57;Język napisów:select:0;Spanish:0
58;Język napisów:select:0;Arabic:0
58;Język napisów:select:0;Vietnamese:0
58;Język napisów:select:0;Korean:0
58;Język napisów:select:0;Turkish:0
58;Język napisów:select:0;English:0
58;Język napisów:select:0;Persian:0
59;Język napisów:select:0;Korean:0
59;Język napisów:select:0;English:0
59;Język napisów:select:0;German:0
60;Język napisów:select:0;Arabic:0
60;Język napisów:select:0;French:0
60;Język napisów:select:0;Portuguese (Portugal):0
60;Język napisów:select:0;Chinese (China):0
60;Język napisów:select:0;Italian:0
60;Język napisów:select:0;Vietnamese:0
60;Język napisów:select:0;Korean:0
60;Język napisów:select:0;German:0
60;Język napisów:select:0;Russian:0
60;Język napisów:select:0;Turkish:0
60;Język napisów:select:0;Spanish:0
61;Język napisów:select:0;Brak:0
62;Język napisów:select:0;Brak:0
63;Język napisów:select:0;Brak:0
64;Język napisów:select:0;Brak:0
65;Język napisów:select:0;Brak:0
66;Język napisów:select:0;Arabic:0
66;Język napisów:select:0;French:0
66;Język napisów:select:0;Portuguese (Portugal):0
66;Język napisów:select:0;Italian:0
66;Język napisów:select:0;Vietnamese:0
66;Język napisów:select:0;German:0
66;Język napisów:select:0;Russian:0
66;Język napisów:select:0;Spanish:0
67;Język napisów:select:0;Brak:0
68;Język napisów:select:0;Brak:0
69;Język napisów:select:0;Russian:0
69;Język napisów:select:0;Spanish:0
69;Język napisów:select:0;Arabic:0
69;Język napisów:select:0;French:0
69;Język napisów:select:0;Portuguese (Portugal):0
69;Język napisów:select:0;Italian:0
69;Język napisów:select:0;Vietnamese:0
69;Język napisów:select:0;German:0
70;Język napisów:select:0;Brak:0
71;Język napisów:select:0;Brak:0
72;Język napisów:select:0;Brak:0
73;Język napisów:select:0;Brak:0
74;Język napisów:select:0;Brak:0
75;Język napisów:select:0;Brak:0
76;Język napisów:select:0;Brak:0
77;Język napisów:select:0;French:0
77;Język napisów:select:0;Portuguese (Portugal):0
77;Język napisów:select:0;Russian:0
77;Język napisów:select:0;Spanish:0
78;Język napisów:select:0;Brak:0
79;Język napisów:select:0;French:0
79;Język napisów:select:0;Portuguese (Portugal):0
79;Język napisów:select:0;Russian:0
79;Język napisów:select:0;Spanish:0
80;Język napisów:select:0;Brak:0
81;Język napisów:select:0;Vietnamese:0
81;Język napisów:select:0;German:0
81;Język napisów:select:0;English:0
81;Język napisów:select:0;Spanish:0
81;Język napisów:select:0;Persian:0
82;Język napisów:select:0;Brak:0
83;Język napisów:select:0;French:0
83;Język napisów:select:0;Portuguese:0
83;Język napisów:select:0;Korean:0
83;Język napisów:select:0;English:0
83;Język napisów:select:0;Spanish:0
84;Język napisów:select:0;Vietnamese:0
84;Język napisów:select:0;English:0
85;Język napisów:select:0;Brak:0
86;Język napisów:select:0;Brak:0
87;Język napisów:select:0;Vietnamese:0
87;Język napisów:select:0;English:0
87;Język napisów:select:0;Persian:0
88;Język napisów:select:0;Brak:0
89;Język napisów:select:0;Vietnamese:0
89;Język napisów:select:0;English:0
89;Język napisów:select:0;Persian:0
90;Język napisów:select:0;Arabic:0
90;Język napisów:select:0;French:0
90;Język napisów:select:0;Chinese (China):0
90;Język napisów:select:0;Korean:0
90;Język napisów:select:0;English:0
90;Język napisów:select:0;Spanish:0
91;Język napisów:select:0;French:0
91;Język napisów:select:0;Chinese (China):0
91;Język napisów:select:0;Korean:0
91;Język napisów:select:0;Russian:0
91;Język napisów:select:0;English:0
91;Język napisów:select:0;Spanish:0
92;Język napisów:select:0;Vietnamese:0
92;Język napisów:select:0;German:0
92;Język napisów:select:0;Russian:0
92;Język napisów:select:0;Spanish:0
92;Język napisów:select:0;Arabic:0
92;Język napisów:select:0;French:0
92;Język napisów:select:0;Portuguese (Portugal):0
92;Język napisów:select:0;Italian:0
93;Język napisów:select:0;Brak:0
94;Język napisów:select:0;French:0
94;Język napisów:select:0;Portuguese (Portugal):0
94;Język napisów:select:0;Russian:0
94;Język napisów:select:0;Spanish:0
95;Język napisów:select:0;Brak:0
96;Język napisów:select:0;Arabic:0
96;Język napisów:select:0;French:0
96;Język napisów:select:0;Portuguese (Portugal):0
96;Język napisów:select:0;Italian:0
96;Język napisów:select:0;Vietnamese:0
96;Język napisów:select:0;German:0
96;Język napisów:select:0;Russian:0
96;Język napisów:select:0;Spanish:0
97;Język napisów:select:0;Brak:0
98;Język napisów:select:0;Brak:0
99;Język napisów:select:0;Arabic:0
99;Język napisów:select:0;French:0
99;Język napisów:select:0;Portuguese (Portugal):0
99;Język napisów:select:0;Italian:0
99;Język napisów:select:0;Vietnamese:0
99;Język napisów:select:0;Korean:0
99;Język napisów:select:0;German:0
99;Język napisów:select:0;Russian:0
99;Język napisów:select:0;Spanish:0
100;Język napisów:select:0;Arabic:0
100;Język napisów:select:0;French:0
100;Język napisów:select:0;Portuguese (Portugal):0
100;Język napisów:select:0;Italian:0
100;Język napisów:select:0;Vietnamese:0
100;Język napisów:select:0;Korean:0
100;Język napisów:select:0;German:0
100;Język napisów:select:0;Russian:0
100;Język napisów:select:0;Spanish:0
101;Język napisów:select:0;Vietnamese:0
101;Język napisów:select:0;German:0
101;Język napisów:select:0;English:0
101;Język napisów:select:0;Spanish:0
101;Język napisów:select:0;Persian:0
102;Język napisów:select:0;Arabic:0
102;Język napisów:select:0;French:0
102;Język napisów:select:0;Portuguese (Portugal):0
102;Język napisów:select:0;Italian:0
102;Język napisów:select:0;Vietnamese:0
102;Język napisów:select:0;Korean:0
102;Język napisów:select:0;German:0
102;Język napisów:select:0;Russian:0
102;Język napisów:select:0;Spanish:0
103;Język napisów:select:0;Arabic:0
103;Język napisów:select:0;Chinese (China):0
103;Język napisów:select:0;Korean:0
103;Język napisów:select:0;German:0
103;Język napisów:select:0;Turkish:0
103;Język napisów:select:0;English:0
104;Język napisów:select:0;Arabic:0
104;Język napisów:select:0;Chinese (China):0
104;Język napisów:select:0;Korean:0
104;Język napisów:select:0;German:0
104;Język napisów:select:0;Turkish:0
104;Język napisów:select:0;English:0
105;Język napisów:select:0;French:0
105;Język napisów:select:0;Portuguese:0
105;Język napisów:select:0;Korean:0
105;Język napisów:select:0;English:0
105;Język napisów:select:0;Spanish:0
106;Język napisów:select:0;Brak:0
107;Język napisów:select:0;Arabic:0
107;Język napisów:select:0;French:0
107;Język napisów:select:0;Portuguese (Portugal):0
107;Język napisów:select:0;Italian:0
107;Język napisów:select:0;Vietnamese:0
107;Język napisów:select:0;German:0
107;Język napisów:select:0;Russian:0
107;Język napisów:select:0;Spanish:0
108;Język napisów:select:0;Brak:0
109;Język napisów:select:0;Brak:0
110;Język napisów:select:0;French:0
110;Język napisów:select:0;Portuguese (Portugal):0
110;Język napisów:select:0;Russian:0
110;Język napisów:select:0;Spanish:0
111;Język napisów:select:0;Arabic:0
111;Język napisów:select:0;Vietnamese:0
111;Język napisów:select:0;Korean:0
111;Język napisów:select:0;Turkish:0
111;Język napisów:select:0;English:0
111;Język napisów:select:0;Persian:0
112;Język napisów:select:0;Brak:0
113;Język napisów:select:0;Vietnamese:0
113;Język napisów:select:0;English:0
114;Język napisów:select:0;Arabic:0
114;Język napisów:select:0;French:0
114;Język napisów:select:0;Portuguese (Portugal):0
114;Język napisów:select:0;Chinese (China):0
114;Język napisów:select:0;Italian:0
114;Język napisów:select:0;Vietnamese:0
114;Język napisów:select:0;German:0
114;Język napisów:select:0;Russian:0
114;Język napisów:select:0;Spanish:0
115;Język napisów:select:0;Brak:0
116;Język napisów:select:0;Brak:0
117;Język napisów:select:0;Vietnamese:0
117;Język napisów:select:0;English:0
117;Język napisów:select:0;Persian:0
118;Język napisów:select:0;Vietnamese:0
118;Język napisów:select:0;English:0
119;Język napisów:select:0;French:0
119;Język napisów:select:0;Portuguese:0
119;Język napisów:select:0;Korean:0
119;Język napisów:select:0;Russian:0
119;Język napisów:select:0;English:0
120;Język napisów:select:0;English:0
121;Język napisów:select:0;Brak:0
122;Język napisów:select:0;Arabic:0
122;Język napisów:select:0;Chinese (China):0
122;Język napisów:select:0;Korean:0
122;Język napisów:select:0;German:0
122;Język napisów:select:0;Turkish:0
122;Język napisów:select:0;English:0
123;Język napisów:select:0;Arabic:0
123;Język napisów:select:0;Chinese (China):0
123;Język napisów:select:0;Korean:0
123;Język napisów:select:0;German:0
123;Język napisów:select:0;Turkish:0
123;Język napisów:select:0;English:0
124;Język napisów:select:0;Brak:0
125;Język napisów:select:0;French:0
125;Język napisów:select:0;Portuguese:0
125;Język napisów:select:0;Korean:0
125;Język napisów:select:0;Russian:0
125;Język napisów:select:0;English:0
125;Język napisów:select:0;Spanish:0
126;Język napisów:select:0;Arabic:0
126;Język napisów:select:0;French:0
126;Język napisów:select:0;Chinese (China):0
126;Język napisów:select:0;Korean:0
126;Język napisów:select:0;Russian:0
126;Język napisów:select:0;English:0
127;Język napisów:select:0;French:0
127;Język napisów:select:0;Portuguese:0
127;Język napisów:select:0;Korean:0
127;Język napisów:select:0;Russian:0
127;Język napisów:select:0;English:0
128;Język napisów:select:0;Arabic:0
128;Język napisów:select:0;French:0
128;Język napisów:select:0;Chinese (China):0
128;Język napisów:select:0;Korean:0
128;Język napisów:select:0;Russian:0
128;Język napisów:select:0;English:0
128;Język napisów:select:0;Spanish:0
129;Język napisów:select:0;Brak:0
130;Język napisów:select:0;French:0
130;Język napisów:select:0;Portuguese:0
130;Język napisów:select:0;Korean:0
130;Język napisów:select:0;Russian:0
130;Język napisów:select:0;English:0
130;Język napisów:select:0;Spanish:0
131;Język napisów:select:0;Chinese (Traditional):0
131;Język napisów:select:0;Arabic:0
131;Język napisów:select:0;French:0
131;Język napisów:select:0;Portuguese (Portugal):0
131;Język napisów:select:0;Chinese (China):0
131;Język napisów:select:0;Italian:0
131;Język napisów:select:0;Portuguese (Brazil):0
131;Język napisów:select:0;Vietnamese:0
131;Język napisów:select:0;Korean:0
131;Język napisów:select:0;German:0
131;Język napisów:select:0;Russian:0
131;Język napisów:select:0;Turkish:0
131;Język napisów:select:0;Spanish:0
131;Język napisów:select:0;Japanese:0
132;Język napisów:select:0;Arabic:0
132;Język napisów:select:0;French:0
132;Język napisów:select:0;Portuguese (Portugal):0
132;Język napisów:select:0;Italian:0
132;Język napisów:select:0;Portuguese (Brazil):0
132;Język napisów:select:0;Vietnamese:0
132;Język napisów:select:0;German:0
132;Język napisów:select:0;Russian:0
132;Język napisów:select:0;Spanish:0
133;Język napisów:select:0;Arabic:0
133;Język napisów:select:0;French:0
133;Język napisów:select:0;Portuguese (Portugal):0
133;Język napisów:select:0;Italian:0
133;Język napisów:select:0;Vietnamese:0
133;Język napisów:select:0;German:0
133;Język napisów:select:0;Russian:0
133;Język napisów:select:0;Spanish:0
134;Język napisów:select:0;Arabic:0
134;Język napisów:select:0;French:0
134;Język napisów:select:0;Portuguese (Portugal):0
134;Język napisów:select:0;Italian:0
134;Język napisów:select:0;Vietnamese:0
134;Język napisów:select:0;German:0
134;Język napisów:select:0;Russian:0
134;Język napisów:select:0;Spanish:0
135;Język napisów:select:0;Brak:0
136;Język napisów:select:0;Arabic:0
136;Język napisów:select:0;French:0
136;Język napisów:select:0;Portuguese (Portugal):0
136;Język napisów:select:0;Italian:0
136;Język napisów:select:0;Vietnamese:0
136;Język napisów:select:0;German:0
136;Język napisów:select:0;Russian:0
136;Język napisów:select:0;Spanish:0
137;Język napisów:select:0;Arabic:0
137;Język napisów:select:0;French:0
137;Język napisów:select:0;Portuguese (Portugal):0
137;Język napisów:select:0;Chinese (China):0
137;Język napisów:select:0;Italian:0
137;Język napisów:select:0;Vietnamese:0
137;Język napisów:select:0;Korean:0
137;Język napisów:select:0;German:0
137;Język napisów:select:0;Russian:0
137;Język napisów:select:0;Spanish:0
138;Język napisów:select:0;French:0
138;Język napisów:select:0;Portuguese (Portugal):0
138;Język napisów:select:0;Russian:0
138;Język napisów:select:0;Spanish:0
139;Język napisów:select:0;Brak:0
140;Język napisów:select:0;Arabic:0
140;Język napisów:select:0;French:0
140;Język napisów:select:0;Portuguese (Portugal):0
140;Język napisów:select:0;Italian:0
140;Język napisów:select:0;Vietnamese:0
140;Język napisów:select:0;German:0
140;Język napisów:select:0;Russian:0
140;Język napisów:select:0;Spanish:0
141;Język napisów:select:0;Arabic:0
141;Język napisów:select:0;French:0
141;Język napisów:select:0;Portuguese (Portugal):0
141;Język napisów:select:0;Italian:0
141;Język napisów:select:0;Vietnamese:0
141;Język napisów:select:0;German:0
141;Język napisów:select:0;Russian:0
141;Język napisów:select:0;Spanish:0
142;Język napisów:select:0;Brak:0
143;Język napisów:select:0;Brak:0
144;Język napisów:select:0;Arabic:0
144;Język napisów:select:0;French:0
144;Język napisów:select:0;Portuguese (Portugal):0
144;Język napisów:select:0;Italian:0
144;Język napisów:select:0;Vietnamese:0
144;Język napisów:select:0;Korean:0
144;Język napisów:select:0;German:0
144;Język napisów:select:0;Russian:0
144;Język napisów:select:0;Spanish:0
145;Język napisów:select:0;Arabic:0
145;Język napisów:select:0;French:0
145;Język napisów:select:0;Portuguese (Portugal):0
145;Język napisów:select:0;Italian:0
145;Język napisów:select:0;Vietnamese:0
145;Język napisów:select:0;Korean:0
145;Język napisów:select:0;German:0
145;Język napisów:select:0;Russian:0
145;Język napisów:select:0;Spanish:0
146;Język napisów:select:0;Brak:0
147;Język napisów:select:0;Brak:0
148;Język napisów:select:0;Brak:0
149;Język napisów:select:0;Arabic:0
149;Język napisów:select:0;French:0
149;Język napisów:select:0;Portuguese (Portugal):0
149;Język napisów:select:0;Italian:0
149;Język napisów:select:0;Vietnamese:0
149;Język napisów:select:0;German:0
149;Język napisów:select:0;Russian:0
149;Język napisów:select:0;Spanish:0
150;Język napisów:select:0;Brak:0
151;Język napisów:select:0;Arabic:0
151;Język napisów:select:0;French:0
151;Język napisów:select:0;Portuguese (Portugal):0
151;Język napisów:select:0;Italian:0
151;Język napisów:select:0;Vietnamese:0
151;Język napisów:select:0;German:0
151;Język napisów:select:0;Russian:0
151;Język napisów:select:0;Spanish:0
152;Język napisów:select:0;Arabic:0
152;Język napisów:select:0;French:0
152;Język napisów:select:0;Portuguese (Portugal):0
152;Język napisów:select:0;Italian:0
152;Język napisów:select:0;Vietnamese:0
152;Język napisów:select:0;German:0
152;Język napisów:select:0;Russian:0
152;Język napisów:select:0;Spanish:0
153;Język napisów:select:0;Arabic:0
153;Język napisów:select:0;French:0
153;Język napisów:select:0;Portuguese (Portugal):0
153;Język napisów:select:0;Italian:0
153;Język napisów:select:0;Vietnamese:0
153;Język napisów:select:0;German:0
153;Język napisów:select:0;Russian:0
153;Język napisów:select:0;Spanish:0
154;Język napisów:select:0;Brak:0
155;Język napisów:select:0;Brak:0
156;Język napisów:select:0;French:0
156;Język napisów:select:0;Portuguese (Portugal):0
156;Język napisów:select:0;Russian:0
156;Język napisów:select:0;Spanish:0
157;Język napisów:select:0;Arabic:0
157;Język napisów:select:0;French:0
157;Język napisów:select:0;Portuguese (Portugal):0
157;Język napisów:select:0;Chinese (China):0
157;Język napisów:select:0;Italian:0
157;Język napisów:select:0;Vietnamese:0
157;Język napisów:select:0;German:0
157;Język napisów:select:0;Russian:0
157;Język napisów:select:0;Hebrew:0
157;Język napisów:select:0;Spanish:0
157;Język napisów:select:0;Hindi:0
157;Język napisów:select:0;Japanese:0
158;Język napisów:select:0;Arabic:0
158;Język napisów:select:0;French:0
158;Język napisów:select:0;Portuguese (Portugal):0
158;Język napisów:select:0;Italian:0
158;Język napisów:select:0;Vietnamese:0
158;Język napisów:select:0;Korean:0
158;Język napisów:select:0;German:0
158;Język napisów:select:0;Russian:0
158;Język napisów:select:0;Spanish:0
159;Język napisów:select:0;Arabic:0
159;Język napisów:select:0;French:0
159;Język napisów:select:0;Portuguese (Portugal):0
159;Język napisów:select:0;Italian:0
159;Język napisów:select:0;Vietnamese:0
159;Język napisów:select:0;German:0
159;Język napisów:select:0;Russian:0
159;Język napisów:select:0;Spanish:0
160;Język napisów:select:0;Arabic:0
160;Język napisów:select:0;French:0
160;Język napisów:select:0;Portuguese (Portugal):0
160;Język napisów:select:0;Italian:0
160;Język napisów:select:0;Vietnamese:0
160;Język napisów:select:0;German:0
160;Język napisów:select:0;Russian:0
160;Język napisów:select:0;Spanish:0
161;Język napisów:select:0;Arabic:0
161;Język napisów:select:0;French:0
161;Język napisów:select:0;Portuguese (Portugal):0
161;Język napisów:select:0;Italian:0
161;Język napisów:select:0;Vietnamese:0
161;Język napisów:select:0;German:0
161;Język napisów:select:0;Russian:0
161;Język napisów:select:0;Spanish:0
162;Język napisów:select:0;Brak:0
163;Język napisów:select:0;Brak:0
164;Język napisów:select:0;Arabic:0
164;Język napisów:select:0;French:0
164;Język napisów:select:0;Portuguese (Portugal):0
164;Język napisów:select:0;Italian:0
164;Język napisów:select:0;Vietnamese:0
164;Język napisów:select:0;German:0
164;Język napisów:select:0;Russian:0
164;Język napisów:select:0;Spanish:0
165;Język napisów:select:0;French:0
165;Język napisów:select:0;Portuguese (Portugal):0
165;Język napisów:select:0;Russian:0
165;Język napisów:select:0;Spanish:0
166;Język napisów:select:0;Brak:0
167;Język napisów:select:0;Arabic:0
167;Język napisów:select:0;French:0
167;Język napisów:select:0;Portuguese (Portugal):0
167;Język napisów:select:0;Italian:0
167;Język napisów:select:0;Vietnamese:0
167;Język napisów:select:0;German:0
167;Język napisów:select:0;Russian:0
167;Język napisów:select:0;Spanish:0
168;Język napisów:select:0;French:0
168;Język napisów:select:0;Portuguese (Portugal):0
168;Język napisów:select:0;Russian:0
168;Język napisów:select:0;Spanish:0
169;Język napisów:select:0;Arabic:0
169;Język napisów:select:0;French:0
169;Język napisów:select:0;Portuguese (Portugal):0
169;Język napisów:select:0;Italian:0
169;Język napisów:select:0;Vietnamese:0
169;Język napisów:select:0;German:0
169;Język napisów:select:0;Russian:0
169;Język napisów:select:0;Spanish:0
170;Język napisów:select:0;Arabic:0
170;Język napisów:select:0;French:0
170;Język napisów:select:0;Portuguese (Portugal):0
170;Język napisów:select:0;Italian:0
170;Język napisów:select:0;Vietnamese:0
170;Język napisów:select:0;German:0
170;Język napisów:select:0;Russian:0
170;Język napisów:select:0;Spanish:0
171;Język napisów:select:0;Arabic:0
171;Język napisów:select:0;French:0
171;Język napisów:select:0;Portuguese (Portugal):0
171;Język napisów:select:0;Italian:0
171;Język napisów:select:0;Vietnamese:0
171;Język napisów:select:0;German:0
171;Język napisów:select:0;Russian:0
171;Język napisów:select:0;Spanish:0
172;Język napisów:select:0;Brak:0
173;Język napisów:select:0;Arabic:0
173;Język napisów:select:0;French:0
173;Język napisów:select:0;Portuguese (Portugal):0
173;Język napisów:select:0;Italian:0
173;Język napisów:select:0;Vietnamese:0
173;Język napisów:select:0;German:0
173;Język napisów:select:0;Russian:0
173;Język napisów:select:0;Spanish:0
174;Język napisów:select:0;Brak:0
175;Język napisów:select:0;French:0
175;Język napisów:select:0;Portuguese (Portugal):0
175;Język napisów:select:0;Russian:0
175;Język napisów:select:0;Spanish:0
176;Język napisów:select:0;French:0
176;Język napisów:select:0;Portuguese (Portugal):0
176;Język napisów:select:0;Russian:0
176;Język napisów:select:0;Spanish:0
177;Język napisów:select:0;Brak:0
178;Język napisów:select:0;Arabic:0
178;Język napisów:select:0;French:0
178;Język napisów:select:0;Portuguese (Portugal):0
178;Język napisów:select:0;Italian:0
178;Język napisów:select:0;Vietnamese:0
178;Język napisów:select:0;Korean:0
178;Język napisów:select:0;German:0
178;Język napisów:select:0;Russian:0
178;Język napisów:select:0;Spanish:0
179;Język napisów:select:0;Arabic:0
179;Język napisów:select:0;French:0
179;Język napisów:select:0;Portuguese (Portugal):0
179;Język napisów:select:0;Italian:0
179;Język napisów:select:0;Vietnamese:0
179;Język napisów:select:0;Korean:0
179;Język napisów:select:0;German:0
179;Język napisów:select:0;Russian:0
179;Język napisów:select:0;Spanish:0
180;Język napisów:select:0;Arabic:0
180;Język napisów:select:0;Vietnamese:0
180;Język napisów:select:0;Korean:0
180;Język napisów:select:0;English:0
181;Język napisów:select:0;French:0
181;Język napisów:select:0;Portuguese (Portugal):0
181;Język napisów:select:0;Russian:0
181;Język napisów:select:0;Spanish:0
182;Język napisów:select:0;Portuguese (Portugal):0
182;Język napisów:select:0;Italian:0
182;Język napisów:select:0;Vietnamese:0
182;Język napisów:select:0;Korean:0
182;Język napisów:select:0;German:0
182;Język napisów:select:0;Russian:0
182;Język napisów:select:0;Spanish:0
182;Język napisów:select:0;Arabic:0
182;Język napisów:select:0;French:0
183;Język napisów:select:0;French:0
183;Język napisów:select:0;Portuguese (Portugal):0
183;Język napisów:select:0;Russian:0
183;Język napisów:select:0;Spanish:0
184;Język napisów:select:0;Brak:0
185;Język napisów:select:0;French:0
185;Język napisów:select:0;Portuguese (Portugal):0
185;Język napisów:select:0;Russian:0
185;Język napisów:select:0;Spanish:0
186;Język napisów:select:0;Arabic:0
186;Język napisów:select:0;French:0
186;Język napisów:select:0;Portuguese (Portugal):0
186;Język napisów:select:0;Italian:0
186;Język napisów:select:0;Vietnamese:0
186;Język napisów:select:0;German:0
186;Język napisów:select:0;Russian:0
186;Język napisów:select:0;Spanish:0
187;Język napisów:select:0;French:0
187;Język napisów:select:0;Portuguese (Portugal):0
187;Język napisów:select:0;Russian:0
187;Język napisów:select:0;Spanish:0
188;Język napisów:select:0;Arabic:0
188;Język napisów:select:0;French:0
188;Język napisów:select:0;Portuguese (Portugal):0
188;Język napisów:select:0;Italian:0
188;Język napisów:select:0;Vietnamese:0
188;Język napisów:select:0;German:0
188;Język napisów:select:0;Russian:0
188;Język napisów:select:0;Spanish:0
189;Język napisów:select:0;Brak:0
190;Język napisów:select:0;Arabic:0
190;Język napisów:select:0;French:0
190;Język napisów:select:0;Portuguese (Portugal):0
190;Język napisów:select:0;Italian:0
190;Język napisów:select:0;Vietnamese:0
190;Język napisów:select:0;German:0
190;Język napisów:select:0;Russian:0
190;Język napisów:select:0;Spanish:0
191;Język napisów:select:0;Arabic:0
191;Język napisów:select:0;French:0
191;Język napisów:select:0;Portuguese (Portugal):0
191;Język napisów:select:0;Greek:0
191;Język napisów:select:0;Italian:0
191;Język napisów:select:0;Vietnamese:0
191;Język napisów:select:0;Korean:0
191;Język napisów:select:0;German:0
191;Język napisów:select:0;Russian:0
191;Język napisów:select:0;Spanish:0
191;Język napisów:select:0;Telugu:0
192;Język napisów:select:0;Brak:0
193;Język napisów:select:0;Brak:0
194;Język napisów:select:0;Arabic:0
194;Język napisów:select:0;French:0
194;Język napisów:select:0;Portuguese (Portugal):0
194;Język napisów:select:0;Italian:0
194;Język napisów:select:0;Vietnamese:0
194;Język napisów:select:0;German:0
194;Język napisów:select:0;Russian:0
194;Język napisów:select:0;Spanish:0
194;Język napisów:select:0;Persian:0
195;Język napisów:select:0;Chinese (Traditional):0
195;Język napisów:select:0;Arabic:0
195;Język napisów:select:0;French:0
195;Język napisów:select:0;Portuguese (Portugal):0
195;Język napisów:select:0;Chinese (China):0
195;Język napisów:select:0;Italian:0
195;Język napisów:select:0;Portuguese (Brazil):0
195;Język napisów:select:0;Vietnamese:0
195;Język napisów:select:0;Korean:0
195;Język napisów:select:0;German:0
195;Język napisów:select:0;Russian:0
195;Język napisów:select:0;Turkish:0
195;Język napisów:select:0;Spanish:0
196;Język napisów:select:0;Brak:0
197;Język napisów:select:0;Arabic:0
197;Język napisów:select:0;French:0
197;Język napisów:select:0;Portuguese (Portugal):0
197;Język napisów:select:0;Italian:0
197;Język napisów:select:0;Vietnamese:0
197;Język napisów:select:0;German:0
197;Język napisów:select:0;Russian:0
197;Język napisów:select:0;Turkish:0
197;Język napisów:select:0;Spanish:0
197;Język napisów:select:0;Japanese:0
198;Język napisów:select:0;Chinese (Traditional):0
198;Język napisów:select:0;Arabic:0
198;Język napisów:select:0;French:0
198;Język napisów:select:0;Portuguese (Portugal):0
198;Język napisów:select:0;Chinese (China):0
198;Język napisów:select:0;Italian:0
198;Język napisów:select:0;Vietnamese:0
198;Język napisów:select:0;Korean:0
198;Język napisów:select:0;German:0
198;Język napisów:select:0;Russian:0
198;Język napisów:select:0;Turkish:0
198;Język napisów:select:0;Spanish:0
198;Język napisów:select:0;Japanese:0
199;Język napisów:select:0;Arabic:0
199;Język napisów:select:0;French:0
199;Język napisów:select:0;Portuguese (Portugal):0
199;Język napisów:select:0;Italian:0
199;Język napisów:select:0;Vietnamese:0
199;Język napisów:select:0;German:0
199;Język napisów:select:0;Russian:0
199;Język napisów:select:0;Spanish:0
199;Język napisów:select:0;Japanese:0
200;Język napisów:select:0;Spanish:0
201;Język napisów:select:0;Arabic:0
201;Język napisów:select:0;French:0
201;Język napisów:select:0;Portuguese (Portugal):0
201;Język napisów:select:0;Chinese (China):0
201;Język napisów:select:0;Italian:0
201;Język napisów:select:0;Vietnamese:0
201;Język napisów:select:0;Korean:0
201;Język napisów:select:0;German:0
201;Język napisów:select:0;Russian:0
201;Język napisów:select:0;Turkish:0
201;Język napisów:select:0;Spanish:0
202;Język napisów:select:0;Arabic:0
202;Język napisów:select:0;French:0
202;Język napisów:select:0;Portuguese (Portugal):0
202;Język napisów:select:0;Italian:0
202;Język napisów:select:0;Vietnamese:0
202;Język napisów:select:0;Korean:0
202;Język napisów:select:0;German:0
202;Język napisów:select:0;Russian:0
202;Język napisów:select:0;Spanish:0
202;Język napisów:select:0;Japanese:0
203;Język napisów:select:0;Brak:0
204;Język napisów:select:0;Arabic:0
204;Język napisów:select:0;French:0
204;Język napisów:select:0;Portuguese (Portugal):0
204;Język napisów:select:0;Italian:0
204;Język napisów:select:0;Vietnamese:0
204;Język napisów:select:0;German:0
204;Język napisów:select:0;Russian:0
204;Język napisów:select:0;Spanish:0
204;Język napisów:select:0;Japanese:0
205;Język napisów:select:0;Arabic:0
205;Język napisów:select:0;French:0
205;Język napisów:select:0;Portuguese (Portugal):0
205;Język napisów:select:0;Italian:0
205;Język napisów:select:0;Vietnamese:0
205;Język napisów:select:0;German:0
205;Język napisów:select:0;Russian:0
205;Język napisów:select:0;Spanish:0
206;Język napisów:select:0;Japanese:0
207;Język napisów:select:0;Arabic:0
207;Język napisów:select:0;French:0
207;Język napisów:select:0;Portuguese (Portugal):0
207;Język napisów:select:0;Italian:0
207;Język napisów:select:0;Vietnamese:0
207;Język napisów:select:0;German:0
207;Język napisów:select:0;Russian:0
207;Język napisów:select:0;Spanish:0
208;Język napisów:select:0;Brak:0
209;Język napisów:select:0;Arabic:0
209;Język napisów:select:0;French:0
209;Język napisów:select:0;Portuguese (Portugal):0
209;Język napisów:select:0;Italian:0
209;Język napisów:select:0;Vietnamese:0
209;Język napisów:select:0;German:0
209;Język napisów:select:0;Russian:0
209;Język napisów:select:0;Spanish:0
210;Język napisów:select:0;Brak:0
211;Język napisów:select:0;Arabic:0
211;Język napisów:select:0;French:0
211;Język napisów:select:0;Portuguese (Portugal):0
211;Język napisów:select:0;Italian:0
211;Język napisów:select:0;Vietnamese:0
211;Język napisów:select:0;German:0
211;Język napisów:select:0;Russian:0
211;Język napisów:select:0;Spanish:0
212;Język napisów:select:0;Brak:0
213;Język napisów:select:0;Brak:0
214;Język napisów:select:0;Brak:0
215;Język napisów:select:0;French:0
215;Język napisów:select:0;Portuguese (Portugal):0
215;Język napisów:select:0;Russian:0
215;Język napisów:select:0;Spanish:0
216;Język napisów:select:0;Arabic:0
216;Język napisów:select:0;French:0
216;Język napisów:select:0;Portuguese (Portugal):0
216;Język napisów:select:0;Italian:0
216;Język napisów:select:0;Vietnamese:0
216;Język napisów:select:0;German:0
216;Język napisów:select:0;Russian:0
216;Język napisów:select:0;Spanish:0
217;Język napisów:select:0;Arabic:0
217;Język napisów:select:0;French:0
217;Język napisów:select:0;Portuguese (Portugal):0
217;Język napisów:select:0;Italian:0
217;Język napisów:select:0;Vietnamese:0
217;Język napisów:select:0;German:0
217;Język napisów:select:0;Russian:0
217;Język napisów:select:0;Spanish:0
218;Język napisów:select:0;Brak:0
219;Język napisów:select:0;Brak:0
220;Język napisów:select:0;Brak:0
221;Język napisów:select:0;French:0
221;Język napisów:select:0;Portuguese (Portugal):0
221;Język napisów:select:0;Russian:0
221;Język napisów:select:0;Spanish:0
222;Język napisów:select:0;Arabic:0
222;Język napisów:select:0;French:0
222;Język napisów:select:0;Portuguese (Portugal):0
222;Język napisów:select:0;Italian:0
222;Język napisów:select:0;Vietnamese:0
222;Język napisów:select:0;German:0
222;Język napisów:select:0;Russian:0
222;Język napisów:select:0;Spanish:0
223;Język napisów:select:0;French:0
223;Język napisów:select:0;Portuguese (Portugal):0
223;Język napisów:select:0;Russian:0
223;Język napisów:select:0;Spanish:0
224;Język napisów:select:0;Arabic:0
224;Język napisów:select:0;French:0
224;Język napisów:select:0;Portuguese (Portugal):0
224;Język napisów:select:0;Italian:0
224;Język napisów:select:0;Vietnamese:0
224;Język napisów:select:0;Korean:0
224;Język napisów:select:0;German:0
224;Język napisów:select:0;Russian:0
224;Język napisów:select:0;Spanish:0
225;Język napisów:select:0;Brak:0
226;Język napisów:select:0;Brak:0
227;Język napisów:select:0;Arabic:0
227;Język napisów:select:0;French:0
227;Język napisów:select:0;Portuguese (Portugal):0
227;Język napisów:select:0;Italian:0
227;Język napisów:select:0;Vietnamese:0
227;Język napisów:select:0;German:0
227;Język napisów:select:0;Russian:0
227;Język napisów:select:0;Spanish:0
228;Język napisów:select:0;Arabic:0
228;Język napisów:select:0;French:0
228;Język napisów:select:0;Portuguese (Portugal):0
228;Język napisów:select:0;Italian:0
228;Język napisów:select:0;Vietnamese:0
228;Język napisów:select:0;German:0
228;Język napisów:select:0;Russian:0
228;Język napisów:select:0;Spanish:0
229;Język napisów:select:0;Brak:0
230;Język napisów:select:0;Arabic:0
230;Język napisów:select:0;French:0
230;Język napisów:select:0;Portuguese (Portugal):0
230;Język napisów:select:0;Italian:0
230;Język napisów:select:0;Vietnamese:0
230;Język napisów:select:0;German:0
230;Język napisów:select:0;Russian:0
230;Język napisów:select:0;Spanish:0
231;Język napisów:select:0;Brak:0
232;Język napisów:select:0;Chinese (Traditional):0
232;Język napisów:select:0;Arabic:0
232;Język napisów:select:0;French:0
232;Język napisów:select:0;Portuguese (Portugal):0
232;Język napisów:select:0;Italian:0
232;Język napisów:select:0;Vietnamese:0
232;Język napisów:select:0;German:0
232;Język napisów:select:0;Russian:0
232;Język napisów:select:0;Albanian:0
232;Język napisów:select:0;Spanish:0
233;Język napisów:select:0;Arabic:0
233;Język napisów:select:0;French:0
233;Język napisów:select:0;Portuguese (Portugal):0
233;Język napisów:select:0;Italian:0
233;Język napisów:select:0;Vietnamese:0
233;Język napisów:select:0;German:0
233;Język napisów:select:0;Russian:0
233;Język napisów:select:0;Spanish:0
234;Język napisów:select:0;Brak:0
235;Język napisów:select:0;Brak:0
236;Język napisów:select:0;Arabic:0
236;Język napisów:select:0;French:0
236;Język napisów:select:0;Portuguese (Portugal):0
236;Język napisów:select:0;Serbian:0
236;Język napisów:select:0;Chinese (China):0
236;Język napisów:select:0;Italian:0
236;Język napisów:select:0;Vietnamese:0
236;Język napisów:select:0;Korean:0
236;Język napisów:select:0;German:0
236;Język napisów:select:0;Russian:0
236;Język napisów:select:0;Turkish:0
236;Język napisów:select:0;Spanish:0
237;Język napisów:select:0;Brak:0
238;Język napisów:select:0;Arabic:0
238;Język napisów:select:0;Vietnamese:0
238;Język napisów:select:0;Korean:0
238;Język napisów:select:0;English:0
239;Język napisów:select:0;Brak:0
240;Język napisów:select:0;French:0
240;Język napisów:select:0;Portuguese (Portugal):0
240;Język napisów:select:0;Russian:0
240;Język napisów:select:0;Spanish:0
241;Język napisów:select:0;Portuguese (Portugal):0
241;Język napisów:select:0;Italian:0
241;Język napisów:select:0;Vietnamese:0
241;Język napisów:select:0;German:0
241;Język napisów:select:0;Russian:0
241;Język napisów:select:0;Spanish:0
241;Język napisów:select:0;Arabic:0
241;Język napisów:select:0;French:0
242;Język napisów:select:0;Arabic:0
242;Język napisów:select:0;French:0
242;Język napisów:select:0;Portuguese (Portugal):0
242;Język napisów:select:0;Chinese (China):0
242;Język napisów:select:0;Greek:0
242;Język napisów:select:0;Italian:0
242;Język napisów:select:0;Vietnamese:0
242;Język napisów:select:0;German:0
242;Język napisów:select:0;Russian:0
242;Język napisów:select:0;Spanish:0
243;Język napisów:select:0;French:0
243;Język napisów:select:0;Portuguese (Portugal):0
243;Język napisów:select:0;Korean:0
243;Język napisów:select:0;Russian:0
243;Język napisów:select:0;Spanish:0
244;Język napisów:select:0;Brak:0
245;Język napisów:select:0;French:0
245;Język napisów:select:0;Portuguese (Portugal):0
245;Język napisów:select:0;Russian:0
245;Język napisów:select:0;Spanish:0
246;Język napisów:select:0;Brak:0
247;Język napisów:select:0;Arabic:0
247;Język napisów:select:0;French:0
247;Język napisów:select:0;Portuguese (Portugal):0
247;Język napisów:select:0;Greek:0
247;Język napisów:select:0;Italian:0
247;Język napisów:select:0;Vietnamese:0
247;Język napisów:select:0;German:0
247;Język napisów:select:0;Russian:0
247;Język napisów:select:0;Spanish:0
248;Język napisów:select:0;Arabic:0
248;Język napisów:select:0;French:0
248;Język napisów:select:0;Portuguese (Portugal):0
248;Język napisów:select:0;Italian:0
248;Język napisów:select:0;Vietnamese:0
248;Język napisów:select:0;German:0
248;Język napisów:select:0;Russian:0
248;Język napisów:select:0;Spanish:0
249;Język napisów:select:0;Arabic:0
249;Język napisów:select:0;French:0
249;Język napisów:select:0;Portuguese (Portugal):0
249;Język napisów:select:0;Italian:0
249;Język napisów:select:0;Vietnamese:0
249;Język napisów:select:0;German:0
249;Język napisów:select:0;Russian:0
249;Język napisów:select:0;Spanish:0
250;Język napisów:select:0;Brak:0
251;Język napisów:select:0;French:0
251;Język napisów:select:0;Portuguese (Portugal):0
251;Język napisów:select:0;Russian:0
251;Język napisów:select:0;Spanish:0
252;Język napisów:select:0;Arabic:0
252;Język napisów:select:0;French:0
252;Język napisów:select:0;Portuguese (Portugal):0
252;Język napisów:select:0;Italian:0
252;Język napisów:select:0;Vietnamese:0
252;Język napisów:select:0;German:0
252;Język napisów:select:0;Russian:0
252;Język napisów:select:0;Spanish:0
253;Język napisów:select:0;Brak:0
254;Język napisów:select:0;Brak:0
255;Język napisów:select:0;Brak:0
256;Język napisów:select:0;Italian:0
256;Język napisów:select:0;Vietnamese:0
256;Język napisów:select:0;Korean:0
256;Język napisów:select:0;German:0
256;Język napisów:select:0;Russian:0
256;Język napisów:select:0;Spanish:0
256;Język napisów:select:0;Arabic:0
256;Język napisów:select:0;French:0
256;Język napisów:select:0;Portuguese (Portugal):0
257;Język napisów:select:0;Brak:0
258;Język napisów:select:0;Arabic:0
258;Język napisów:select:0;French:0
258;Język napisów:select:0;Portuguese (Portugal):0
258;Język napisów:select:0;Italian:0
258;Język napisów:select:0;Vietnamese:0
258;Język napisów:select:0;German:0
258;Język napisów:select:0;Russian:0
258;Język napisów:select:0;Spanish:0
259;Język napisów:select:0;Arabic:0
259;Język napisów:select:0;French:0
259;Język napisów:select:0;Portuguese (Portugal):0
259;Język napisów:select:0;Italian:0
259;Język napisów:select:0;Vietnamese:0
259;Język napisów:select:0;German:0
259;Język napisów:select:0;Russian:0
259;Język napisów:select:0;Spanish:0
260;Język napisów:select:0;French:0
260;Język napisów:select:0;Portuguese (Portugal):0
260;Język napisów:select:0;Chinese (China):0
260;Język napisów:select:0;Italian:0
260;Język napisów:select:0;Vietnamese:0
260;Język napisów:select:0;Korean:0
260;Język napisów:select:0;German:0
260;Język napisów:select:0;Russian:0
260;Język napisów:select:0;Turkish:0
260;Język napisów:select:0;English:0
260;Język napisów:select:0;Spanish:0
261;Język napisów:select:0;English:0
262;Język napisów:select:0;Brak:0
263;Język napisów:select:0;Arabic:0
263;Język napisów:select:0;Vietnamese:0
263;Język napisów:select:0;Korean:0
263;Język napisów:select:0;English:0
264;Język napisów:select:0;Brak:0
265;Język napisów:select:0;Brak:0
266;Język napisów:select:0;French:0
266;Język napisów:select:0;Portuguese (Portugal):0
266;Język napisów:select:0;Russian:0
266;Język napisów:select:0;Spanish:0
267;Język napisów:select:0;Vietnamese:0
267;Język napisów:select:0;Korean:0
267;Język napisów:select:0;Turkish:0
267;Język napisów:select:0;English:0
267;Język napisów:select:0;Persian:0
268;Język napisów:select:0;Brak:0
269;Język napisów:select:0;French:0
269;Język napisów:select:0;Portuguese (Portugal):0
269;Język napisów:select:0;Vietnamese:0
269;Język napisów:select:0;Russian:0
269;Język napisów:select:0;Spanish:0
270;Język napisów:select:0;Brak:0
271;Język napisów:select:0;Arabic:0
271;Język napisów:select:0;French:0
271;Język napisów:select:0;Portuguese (Portugal):0
271;Język napisów:select:0;Italian:0
271;Język napisów:select:0;Vietnamese:0
271;Język napisów:select:0;German:0
271;Język napisów:select:0;Russian:0
271;Język napisów:select:0;Spanish:0
272;Język napisów:select:0;Brak:0
273;Język napisów:select:0;Arabic:0
273;Język napisów:select:0;French:0
273;Język napisów:select:0;Portuguese (Portugal):0
273;Język napisów:select:0;Italian:0
273;Język napisów:select:0;Vietnamese:0
273;Język napisów:select:0;German:0
273;Język napisów:select:0;Russian:0
273;Język napisów:select:0;Spanish:0
274;Język napisów:select:0;Brak:0
275;Język napisów:select:0;Arabic:0
275;Język napisów:select:0;French:0
275;Język napisów:select:0;Portuguese (Portugal):0
275;Język napisów:select:0;Italian:0
275;Język napisów:select:0;Vietnamese:0
275;Język napisów:select:0;Korean:0
275;Język napisów:select:0;German:0
275;Język napisów:select:0;Russian:0
275;Język napisów:select:0;Spanish:0
276;Język napisów:select:0;Brak:0
277;Język napisów:select:0;Brak:0
278;Język napisów:select:0;Brak:0
279;Język napisów:select:0;Brak:0
280;Język napisów:select:0;Brak:0
281;Język napisów:select:0;Brak:0
282;Język napisów:select:0;Brak:0
283;Język napisów:select:0;Arabic:0
283;Język napisów:select:0;French:0
283;Język napisów:select:0;Portuguese (Portugal):0
283;Język napisów:select:0;Italian:0
283;Język napisów:select:0;Vietnamese:0
283;Język napisów:select:0;German:0
283;Język napisów:select:0;Russian:0
283;Język napisów:select:0;Spanish:0
284;Język napisów:select:0;Brak:0
285;Język napisów:select:0;Brak:0
286;Język napisów:select:0;Brak:0
287;Język napisów:select:0;Brak:0
288;Język napisów:select:0;Arabic:0
288;Język napisów:select:0;French:0
288;Język napisów:select:0;Portuguese (Portugal):0
288;Język napisów:select:0;Italian:0
288;Język napisów:select:0;Vietnamese:0
288;Język napisów:select:0;Korean:0
288;Język napisów:select:0;German:0
288;Język napisów:select:0;Russian:0
288;Język napisów:select:0;Spanish:0
289;Język napisów:select:0;Brak:0
290;Język napisów:select:0;Brak:0
291;Język napisów:select:0;Brak:0
292;Język napisów:select:0;Brak:0
293;Język napisów:select:0;Chinese (Traditional):0
293;Język napisów:select:0;Arabic:0
293;Język napisów:select:0;French:0
293;Język napisów:select:0;Ukrainian:0
293;Język napisów:select:0;Chinese (China):0
293;Język napisów:select:0;Portuguese (Brazil):0
293;Język napisów:select:0;Vietnamese:0
293;Język napisów:select:0;Korean:0
293;Język napisów:select:0;Turkish:0
293;Język napisów:select:0;English:0
293;Język napisów:select:0;Spanish:0
293;Język napisów:select:0;Japanese:0
294;Język napisów:select:0;English:0
295;Język napisów:select:0;Brak:0
296;Język napisów:select:0;Brak:0
297;Język napisów:select:0;English:0
298;Język napisów:select:0;Brak:0
299;Język napisów:select:0;French:0
299;Język napisów:select:0;Russian:0
299;Język napisów:select:0;English:0
299;Język napisów:select:0;Spanish:0
300;Język napisów:select:0;Brak:0
301;Język napisów:select:0;Brak:0
302;Język napisów:select:0;French:0
302;Język napisów:select:0;Portuguese:0
302;Język napisów:select:0;English:0
302;Język napisów:select:0;Spanish:0
303;Język napisów:select:0;French:0
303;Język napisów:select:0;Portuguese:0
303;Język napisów:select:0;Russian:0
303;Język napisów:select:0;English:0
303;Język napisów:select:0;Spanish:0
304;Język napisów:select:0;Arabic:0
304;Język napisów:select:0;French:0
304;Język napisów:select:0;Portuguese (Portugal):0
304;Język napisów:select:0;Italian:0
304;Język napisów:select:0;Vietnamese:0
304;Język napisów:select:0;German:0
304;Język napisów:select:0;Russian:0
304;Język napisów:select:0;Spanish:0
305;Język napisów:select:0;Brak:0
306;Język napisów:select:0;Brak:0
307;Język napisów:select:0;Arabic:0
307;Język napisów:select:0;French:0
307;Język napisów:select:0;Portuguese (Portugal):0
307;Język napisów:select:0;Italian:0
307;Język napisów:select:0;Vietnamese:0
307;Język napisów:select:0;German:0
307;Język napisów:select:0;Russian:0
307;Język napisów:select:0;Spanish:0
308;Język napisów:select:0;Arabic:0
308;Język napisów:select:0;French:0
308;Język napisów:select:0;Portuguese (Portugal):0
308;Język napisów:select:0;Italian:0
308;Język napisów:select:0;Vietnamese:0
308;Język napisów:select:0;German:0
308;Język napisów:select:0;Russian:0
308;Język napisów:select:0;Spanish:0
309;Język napisów:select:0;Brak:0
310;Język napisów:select:0;Brak:0
311;Język napisów:select:0;Arabic:0
311;Język napisów:select:0;French:0
311;Język napisów:select:0;Portuguese (Portugal):0
311;Język napisów:select:0;Italian:0
311;Język napisów:select:0;Vietnamese:0
311;Język napisów:select:0;German:0
311;Język napisów:select:0;Russian:0
311;Język napisów:select:0;Spanish:0
312;Język napisów:select:0;Brak:0
313;Język napisów:select:0;Arabic:0
313;Język napisów:select:0;French:0
313;Język napisów:select:0;Portuguese (Portugal):0
313;Język napisów:select:0;Italian:0
313;Język napisów:select:0;Vietnamese:0
313;Język napisów:select:0;German:0
313;Język napisów:select:0;Russian:0
313;Język napisów:select:0;Spanish:0
314;Język napisów:select:0;Brak:0
315;Język napisów:select:0;Arabic:0
315;Język napisów:select:0;French:0
315;Język napisów:select:0;Portuguese (Portugal):0
315;Język napisów:select:0;Italian:0
315;Język napisów:select:0;Vietnamese:0
315;Język napisów:select:0;German:0
315;Język napisów:select:0;Russian:0
315;Język napisów:select:0;Spanish:0
316;Język napisów:select:0;Arabic:0
316;Język napisów:select:0;French:0
316;Język napisów:select:0;Portuguese (Portugal):0
316;Język napisów:select:0;Italian:0
316;Język napisów:select:0;Vietnamese:0
316;Język napisów:select:0;German:0
316;Język napisów:select:0;Russian:0
316;Język napisów:select:0;Spanish:0
317;Język napisów:select:0;Brak:0
318;Język napisów:select:0;Brak:0
319;Język napisów:select:0;French:0
319;Język napisów:select:0;Portuguese (Portugal):0
319;Język napisów:select:0;Russian:0
319;Język napisów:select:0;Spanish:0
320;Język napisów:select:0;Brak:0
321;Język napisów:select:0;French:0
321;Język napisów:select:0;Portuguese (Portugal):0
321;Język napisów:select:0;Russian:0
321;Język napisów:select:0;Spanish:0
322;Język napisów:select:0;Arabic:0
322;Język napisów:select:0;French:0
322;Język napisów:select:0;Portuguese (Portugal):0
322;Język napisów:select:0;Italian:0
322;Język napisów:select:0;Vietnamese:0
322;Język napisów:select:0;German:0
322;Język napisów:select:0;Russian:0
322;Język napisów:select:0;Spanish:0
323;Język napisów:select:0;Arabic:0
323;Język napisów:select:0;French:0
323;Język napisów:select:0;Portuguese (Portugal):0
323;Język napisów:select:0;Italian:0
323;Język napisów:select:0;Vietnamese:0
323;Język napisów:select:0;German:0
323;Język napisów:select:0;Russian:0
323;Język napisów:select:0;Spanish:0
324;Język napisów:select:0;Arabic:0
324;Język napisów:select:0;French:0
324;Język napisów:select:0;Portuguese (Portugal):0
324;Język napisów:select:0;Italian:0
324;Język napisów:select:0;Vietnamese:0
324;Język napisów:select:0;German:0
324;Język napisów:select:0;Russian:0
324;Język napisów:select:0;Spanish:0
325;Język napisów:select:0;Arabic:0
325;Język napisów:select:0;French:0
325;Język napisów:select:0;Portuguese (Portugal):0
325;Język napisów:select:0;Italian:0
325;Język napisów:select:0;Vietnamese:0
325;Język napisów:select:0;German:0
325;Język napisów:select:0;Russian:0
325;Język napisów:select:0;Spanish:0
326;Język napisów:select:0;Arabic:0
326;Język napisów:select:0;French:0
326;Język napisów:select:0;Portuguese (Portugal):0
326;Język napisów:select:0;Italian:0
326;Język napisów:select:0;Vietnamese:0
326;Język napisów:select:0;German:0
326;Język napisów:select:0;Russian:0
326;Język napisów:select:0;Spanish:0
327;Język napisów:select:0;English:0
328;Język napisów:select:0;Brak:0
329;Język napisów:select:0;Brak:0
330;Język napisów:select:0;Arabic:0
330;Język napisów:select:0;French:0
330;Język napisów:select:0;Portuguese (Portugal):0
330;Język napisów:select:0;Italian:0
330;Język napisów:select:0;Vietnamese:0
330;Język napisów:select:0;German:0
330;Język napisów:select:0;Russian:0
330;Język napisów:select:0;Spanish:0
331;Język napisów:select:0;Brak:0
332;Język napisów:select:0;Brak:0
333;Język napisów:select:0;Brak:0
334;Język napisów:select:0;Arabic:0
334;Język napisów:select:0;French:0
334;Język napisów:select:0;Portuguese (Portugal):0
334;Język napisów:select:0;Italian:0
334;Język napisów:select:0;Vietnamese:0
334;Język napisów:select:0;German:0
334;Język napisów:select:0;Russian:0
334;Język napisów:select:0;Spanish:0
335;Język napisów:select:0;Arabic:0
335;Język napisów:select:0;French:0
335;Język napisów:select:0;Portuguese (Portugal):0
335;Język napisów:select:0;Italian:0
335;Język napisów:select:0;Vietnamese:0
335;Język napisów:select:0;German:0
335;Język napisów:select:0;Russian:0
335;Język napisów:select:0;Spanish:0
336;Język napisów:select:0;Brak:0
337;Język napisów:select:0;Brak:0
338;Język napisów:select:0;Brak:0
339;Język napisów:select:0;Brak:0
340;Język napisów:select:0;Brak:0
341;Język napisów:select:0;Brak:0
342;Język napisów:select:0;Portuguese (Portugal):0
342;Język napisów:select:0;Italian:0
342;Język napisów:select:0;Vietnamese:0
342;Język napisów:select:0;German:0
342;Język napisów:select:0;Russian:0
342;Język napisów:select:0;Spanish:0
342;Język napisów:select:0;Arabic:0
342;Język napisów:select:0;French:0
343;Język napisów:select:0;Brak:0
344;Język napisów:select:0;Arabic:0
344;Język napisów:select:0;French:0
344;Język napisów:select:0;Portuguese (Portugal):0
344;Język napisów:select:0;Italian:0
344;Język napisów:select:0;Vietnamese:0
344;Język napisów:select:0;German:0
344;Język napisów:select:0;Russian:0
344;Język napisów:select:0;Spanish:0
345;Język napisów:select:0;Brak:0
346;Język napisów:select:0;French:0
346;Język napisów:select:0;Portuguese (Portugal):0
346;Język napisów:select:0;Russian:0
346;Język napisów:select:0;Spanish:0
347;Język napisów:select:0;Brak:0
348;Język napisów:select:0;Brak:0
349;Język napisów:select:0;Brak:0
350;Język napisów:select:0;Brak:0
351;Język napisów:select:0;Greek:0
351;Język napisów:select:0;Italian:0
351;Język napisów:select:0;Vietnamese:0
351;Język napisów:select:0;German:0
351;Język napisów:select:0;Russian:0
351;Język napisów:select:0;Spanish:0
351;Język napisów:select:0;Arabic:0
351;Język napisów:select:0;French:0
351;Język napisów:select:0;Portuguese (Portugal):0
352;Język napisów:select:0;Korean:0
352;Język napisów:select:0;English:0
353;Język napisów:select:0;Brak:0
354;Język napisów:select:0;Brak:0
355;Język napisów:select:0;Brak:0
356;Język napisów:select:0;Brak:0
357;Język napisów:select:0;Brak:0
358;Język napisów:select:0;Arabic:0
358;Język napisów:select:0;French:0
358;Język napisów:select:0;Portuguese (Portugal):0
358;Język napisów:select:0;Chinese (China):0
358;Język napisów:select:0;Italian:0
358;Język napisów:select:0;Vietnamese:0
358;Język napisów:select:0;Korean:0
358;Język napisów:select:0;German:0
358;Język napisów:select:0;Russian:0
358;Język napisów:select:0;Turkish:0
358;Język napisów:select:0;Spanish:0
359;Język napisów:select:0;Brak:0
360;Język napisów:select:0;Brak:0
361;Język napisów:select:0;Brak:0
362;Język napisów:select:0;Brak:0
363;Język napisów:select:0;Brak:0
364;Język napisów:select:0;Arabic:0
364;Język napisów:select:0;French:0
364;Język napisów:select:0;Portuguese (Portugal):0
364;Język napisów:select:0;Italian:0
364;Język napisów:select:0;Vietnamese:0
364;Język napisów:select:0;German:0
364;Język napisów:select:0;Russian:0
364;Język napisów:select:0;Spanish:0
365;Język napisów:select:0;Brak:0
366;Język napisów:select:0;Brak:0
367;Język napisów:select:0;Brak:0
368;Język napisów:select:0;Brak:0
369;Język napisów:select:0;Brak:0
370;Język napisów:select:0;English:0
371;Język napisów:select:0;Brak:0
372;Język napisów:select:0;Brak:0
373;Język napisów:select:0;Arabic:0
373;Język napisów:select:0;French:0
373;Język napisów:select:0;Portuguese (Portugal):0
373;Język napisów:select:0;Italian:0
373;Język napisów:select:0;Vietnamese:0
373;Język napisów:select:0;German:0
373;Język napisów:select:0;Russian:0
373;Język napisów:select:0;Spanish:0
374;Język napisów:select:0;Arabic:0
374;Język napisów:select:0;French:0
374;Język napisów:select:0;Portuguese (Portugal):0
374;Język napisów:select:0;Italian:0
374;Język napisów:select:0;Vietnamese:0
374;Język napisów:select:0;German:0
374;Język napisów:select:0;Russian:0
374;Język napisów:select:0;Spanish:0
375;Język napisów:select:0;Brak:0
376;Język napisów:select:0;Arabic:0
376;Język napisów:select:0;French:0
376;Język napisów:select:0;Portuguese (Portugal):0
376;Język napisów:select:0;Italian:0
376;Język napisów:select:0;Vietnamese:0
376;Język napisów:select:0;German:0
376;Język napisów:select:0;Russian:0
376;Język napisów:select:0;Spanish:0
377;Język napisów:select:0;Brak:0
378;Język napisów:select:0;Arabic:0
378;Język napisów:select:0;French:0
378;Język napisów:select:0;Portuguese (Portugal):0
378;Język napisów:select:0;Italian:0
378;Język napisów:select:0;Vietnamese:0
378;Język napisów:select:0;German:0
378;Język napisów:select:0;Russian:0
378;Język napisów:select:0;Spanish:0
379;Język napisów:select:0;Arabic:0
379;Język napisów:select:0;French:0
379;Język napisów:select:0;Portuguese (Portugal):0
379;Język napisów:select:0;Italian:0
379;Język napisów:select:0;Vietnamese:0
379;Język napisów:select:0;German:0
379;Język napisów:select:0;Russian:0
379;Język napisów:select:0;Spanish:0
380;Język napisów:select:0;Brak:0
381;Język napisów:select:0;Brak:0
382;Język napisów:select:0;Brak:0
383;Język napisów:select:0;Brak:0
384;Język napisów:select:0;Brak:0
385;Język napisów:select:0;Arabic:0
385;Język napisów:select:0;French:0
385;Język napisów:select:0;Portuguese (Portugal):0
385;Język napisów:select:0;Italian:0
385;Język napisów:select:0;Vietnamese:0
385;Język napisów:select:0;German:0
385;Język napisów:select:0;Russian:0
385;Język napisów:select:0;Spanish:0
386;Język napisów:select:0;Brak:0
387;Język napisów:select:0;Brak:0
388;Język napisów:select:0;Brak:0
389;Język napisów:select:0;English:0
390;Język napisów:select:0;French:0
390;Język napisów:select:0;Portuguese:0
390;Język napisów:select:0;Russian:0
390;Język napisów:select:0;English:0
391;Język napisów:select:0;French:0
391;Język napisów:select:0;Portuguese (Portugal):0
391;Język napisów:select:0;Russian:0
391;Język napisów:select:0;Spanish:0
392;Język napisów:select:0;Arabic:0
392;Język napisów:select:0;French:0
392;Język napisów:select:0;Portuguese (Portugal):0
392;Język napisów:select:0;Italian:0
392;Język napisów:select:0;Vietnamese:0
392;Język napisów:select:0;German:0
392;Język napisów:select:0;Russian:0
392;Język napisów:select:0;Spanish:0
393;Język napisów:select:0;Brak:0
394;Język napisów:select:0;Brak:0
395;Język napisów:select:0;Brak:0
396;Język napisów:select:0;Arabic:0
396;Język napisów:select:0;French:0
396;Język napisów:select:0;Portuguese (Portugal):0
396;Język napisów:select:0;Italian:0
396;Język napisów:select:0;Vietnamese:0
396;Język napisów:select:0;German:0
396;Język napisów:select:0;Russian:0
396;Język napisów:select:0;Spanish:0
397;Język napisów:select:0;Brak:0
398;Język napisów:select:0;French:0
398;Język napisów:select:0;Portuguese (Portugal):0
398;Język napisów:select:0;Russian:0
398;Język napisów:select:0;Spanish:0
399;Język napisów:select:0;Arabic:0
399;Język napisów:select:0;French:0
399;Język napisów:select:0;Portuguese (Portugal):0
399;Język napisów:select:0;Italian:0
399;Język napisów:select:0;Vietnamese:0
399;Język napisów:select:0;Korean:0
399;Język napisów:select:0;German:0
399;Język napisów:select:0;Russian:0
399;Język napisów:select:0;Spanish:0
400;Język napisów:select:0;Arabic:0
400;Język napisów:select:0;French:0
400;Język napisów:select:0;Portuguese (Portugal):0
400;Język napisów:select:0;Italian:0
400;Język napisów:select:0;Vietnamese:0
400;Język napisów:select:0;German:0
400;Język napisów:select:0;Russian:0
400;Język napisów:select:0;Spanish:0
400;Język napisów:select:0;Romanian:0
401;Język napisów:select:0;French:0
401;Język napisów:select:0;Portuguese (Portugal):0
401;Język napisów:select:0;Russian:0
401;Język napisów:select:0;Spanish:0
402;Język napisów:select:0;French:0
402;Język napisów:select:0;Portuguese (Portugal):0
402;Język napisów:select:0;Russian:0
402;Język napisów:select:0;Spanish:0
403;Język napisów:select:0;Brak:0
404;Język napisów:select:0;Brak:0
405;Język napisów:select:0;Brak:0
406;Język napisów:select:0;English:0
407;Język napisów:select:0;English:0
408;Język napisów:select:0;Brak:0
409;Język napisów:select:0;Brak:0
410;Język napisów:select:0;English:0
411;Język napisów:select:0;Brak:0
412;Język napisów:select:0;Brak:0
413;Język napisów:select:0;Brak:0
414;Język napisów:select:0;Brak:0
415;Język napisów:select:0;Arabic:0
415;Język napisów:select:0;French:0
415;Język napisów:select:0;Portuguese (Portugal):0
415;Język napisów:select:0;Chinese (China):0
415;Język napisów:select:0;Italian:0
415;Język napisów:select:0;Vietnamese:0
415;Język napisów:select:0;Korean:0
415;Język napisów:select:0;German:0
415;Język napisów:select:0;Russian:0
415;Język napisów:select:0;Turkish:0
415;Język napisów:select:0;Spanish:0
416;Język napisów:select:0;Brak:0
417;Język napisów:select:0;Brak:0
418;Język napisów:select:0;Brak:0
419;Język napisów:select:0;Brak:0
420;Język napisów:select:0;French:0
420;Język napisów:select:0;German:0
420;Język napisów:select:0;English:0
420;Język napisów:select:0;Spanish:0
420;Język napisów:select:0;Japanese:0
421;Język napisów:select:0;Brak:0
422;Język napisów:select:0;Brak:0
423;Język napisów:select:0;French:0
423;Język napisów:select:0;German:0
423;Język napisów:select:0;English:0
423;Język napisów:select:0;Spanish:0
423;Język napisów:select:0;Japanese:0
424;Język napisów:select:0;French:0
424;Język napisów:select:0;Portuguese (Brazil):0
424;Język napisów:select:0;English:0
424;Język napisów:select:0;Spanish:0
424;Język napisów:select:0;Japanese:0
425;Język napisów:select:0;French:0
425;Język napisów:select:0;Portuguese (Brazil):0
425;Język napisów:select:0;German:0
425;Język napisów:select:0;Spanish:0
425;Język napisów:select:0;Japanese:0
426;Język napisów:select:0;Brak:0
427;Język napisów:select:0;Brak:0
428;Język napisów:select:0;Vietnamese:0
428;Język napisów:select:0;English:0
429;Język napisów:select:0;Vietnamese:0
429;Język napisów:select:0;German:0
429;Język napisów:select:0;English:0
429;Język napisów:select:0;Spanish:0
429;Język napisów:select:0;Persian:0
430;Język napisów:select:0;Vietnamese:0
430;Język napisów:select:0;English:0
430;Język napisów:select:0;Persian:0
431;Język napisów:select:0;Brak:0
